3.691220767973939587e+01,-5.523300858211141673e+01
3.783701953687964448e+01,-5.556540277892332824e+01
3.461510242942951976e+01,-5.314813439099007297e+01
2.871695220693462858e+01,-4.273717722839757727e+01
3.757646527550978988e+01,-5.813315815735456482e+01
3.661258387182849106e+01,-5.595847831973529196e+01
3.093837770358502581e+01,-4.713997838729041234e+01
2.278335337533685490e+01,-3.459867453467297338e+01
1.594064135390471471e+01,-2.381031940141367542e+01
1.336876670118252441e+01,-2.007679927652314689e+01
-2.250078149712097186e+00,5.523538736021430751e+00
-2.107174890723267779e+01,3.655770087059251949e+01
-1.100371342754918658e+01,2.003691284891090874e+01
4.688537120597545282e+01,-7.198785862687456927e+01
4.485637178084001420e+01,-7.136283947915204351e+01
5.012072393127745329e+01,-7.556109985190995815e+01
4.778520116190618694e+01,-7.659034691949682383e+01
4.990582460975969781e+01,-7.492830236247392861e+01
5.164884951755244913e+01,-8.025519002639875055e+01
4.288028526428438170e+01,-6.505001473021663116e+01
3.915909579174103072e+01,-6.096479701707147569e+01
3.205140693494431048e+01,-4.800129309721919668e+01
2.038011153701004829e+01,-3.033838245031975944e+01
7.655814890031815700e+00,-1.031732613962567768e+01
-1.491042601864077355e+01,2.425869272501878271e+01
-1.260312568112864540e+01,2.183052170092614830e+01
5.445489866532404477e+01,-8.609436185725481039e+01
5.503701834637132606e+01,-8.684089250543773630e+01
4.968534238812848969e+01,-7.494422478114232433e+01
5.657539702638108281e+01,-8.901639029841710737e+01
5.543483064503114832e+01,-8.519785625724999534e+01
4.731376287372238920e+01,-7.309304485915157557e+01
4.107109543673039553e+01,-6.199220030545135529e+01
3.699177631129077071e+01,-5.712118023623683172e+01
3.158095894433358097e+01,-4.978025423373998848e+01
2.550136980832904499e+01,-3.967895619191182277e+01
1.001558995760753135e+01,-1.366161245120493994e+01
-1.440147645734765902e+01,2.573004062930898428e+01
-1.018043723972544434e+01,1.855834101634274091e+01
6.742763453775916105e+01,-1.038118817247898562e+02
5.103051919859392171e+01,-8.251349833520150412e+01
4.690545102049424031e+01,-7.276567921004077277e+01
4.156207107793600386e+01,-6.313668012874776991e+01
5.078627675353139637e+01,-8.336464920863278394e+01
3.527121726232157073e+01,-5.516553119365487845e+01
4.374815095245366336e+01,-6.882268714428205669e+01
3.969363541375572169e+01,-6.014664299270204140e+01
3.421701759454647629e+01,-5.251391436952027902e+01
2.890482026868566834e+01,-4.474068546768572929e+01
8.535669603012683737e+00,-1.155865053623417715e+01
-1.727456423013245868e+01,2.879421326065749653e+01
2.309369116376529618e+01,-3.413835973793690215e+01
2.787295071296752980e+01,-4.156697597458268945e+01
3.249987231719026681e+01,-4.892888521617023656e+01
3.147462902455862022e+01,-4.679507874892745889e+01
2.524079222458990301e+01,-3.871213192990098406e+01
2.703122996376794518e+01,-4.074873667829699286e+01
2.399900554225088456e+01,-3.754673688998613557e+01
1.872276181916873128e+01,-2.719590889153484525e+01
1.047136765018140991e+01,-1.422395734093305641e+01
-4.289952415120946050e+00,9.471926972290136248e+00
-3.117932205039174676e+01,5.233246023895527799e+01
4.726063599628776757e+01,-7.383875541627892858e+01
-1.902216884195068047e+01,3.341930950353285823e+01
4.269296700723594284e+01,-6.529360847220844732e+01
4.435488845358034382e+01,-6.717854309941773749e+01
3.831181746233634300e+01,-5.820929752043168293e+01
4.366956688923183805e+01,-7.011968778908401134e+01
4.594539233595423866e+01,-6.924062589058651440e+01
4.052842575988704255e+01,-6.520768149045353823e+01
3.385552259662096475e+01,-5.090227555925226710e+01
2.702363960731050341e+01,-4.170001834978702249e+01
2.597771058821308898e+01,-3.935602455836356484e+01
5.787840501768962476e+00,-7.207827028926547364e+00
-1.339143686987146609e+01,2.416185877164163998e+01
4.302968120560082355e+01,-6.446807852326300292e+01
-1.781235142208400291e+01,3.162492764560921543e+01
4.698909914994317916e+01,-7.389364208938810918e+01
3.950892420983027620e+01,-6.305545837779249752e+01
4.873592386605933058e+01,-7.726081741603861985e+01
3.970849686407368040e+01,-6.003350622381087476e+01
3.898793007322992565e+01,-5.969533871711754358e+01
3.660151646880194676e+01,-5.658105723941643106e+01
4.013457944012229461e+01,-6.223470904651520641e+01
2.513404290487768122e+01,-3.919542283468136645e+01
1.537059690826453640e+01,-2.323546106443195924e+01
6.490254956705110878e+00,-8.339425502185493499e+00
-1.534712593968969863e+01,2.784648575022004380e+01
3.648329261428335712e+01,-5.370022946139287967e+01
-2.047061354262433497e+01,3.452080918052759273e+01
4.009662324425679714e+01,-6.137587783711200018e+01
3.792402905734300589e+01,-5.726268910984964577e+01
4.358642643961227492e+01,-6.897287989542458320e+01
4.291308376626084709e+01,-6.673113236239271373e+01
4.704121962516401112e+01,-7.281293015266633972e+01
3.574596213497768815e+01,-5.483879689421050330e+01
4.024283185564118526e+01,-6.258992273804279449e+01
3.662524383878150047e+01,-5.575607520866202549e+01
2.006841364349732970e+01,-3.051678874934503582e+01
8.297960829951243511e+00,-1.154298981295606019e+01
-1.910961788669355599e+01,3.146547255977121438e+01
2.174579495216037017e+01,-3.252512164015170981e+01
2.914857665670133358e+01,-4.450580927873249948e+01
3.069036197000589183e+01,-4.727793256757465912e+01
2.952637797622737992e+01,-4.495609060973473703e+01
3.256778820531741303e+01,-4.994658544943480649e+01
2.059519611955310836e+01,-3.156924074791321289e+01
1.453339668338608526e+01,-2.104480245267793492e+01
7.131935486078443631e+00,-8.986775677030847120e+00
-5.330236026977394737e+00,1.067741661318631863e+01
-3.039958315033937453e+01,5.045829680199044276e+01
4.390886791919816545e+01,-6.920598672621390790e+01
3.608944506022106680e+01,-5.560697776821709226e+01
-3.005632899640947642e+01,5.092304045772829824e+01
3.588682471095763304e+01,-5.406149402687671568e+01
3.775477839627536980e+01,-5.658772202533360485e+01
3.960352719687471534e+01,-6.143617411629496416e+01
3.680774578576182421e+01,-5.849289664261592492e+01
4.041563202009663769e+01,-6.037545380333898493e+01
3.666511415618960257e+01,-5.708753168800280520e+01
2.679804244765805876e+01,-4.146368323881331008e+01
1.505007295902911757e+01,-2.194050450496591864e+01
1.258230734067370404e+00,-2.605147423891460146e-01
-1.666498251472559744e+01,2.882077642897856862e+01
4.550931427971935506e+01,-7.189120743093303645e+01
3.925746971077916925e+01,-6.078010812367927684e+01
-1.869734713312244878e+01,3.426558648487219472e+01
2.798881096791005874e+01,-4.256813721834436848e+01
3.441549095632799293e+01,-5.327922533886052037e+01
3.459001394576642952e+01,-5.306627256704821605e+01
3.605394751826724331e+01,-5.616632873179418795e+01
3.363190465745329760e+01,-5.059993247904350966e+01
3.542854917855149921e+01,-5.661864285694687737e+01
2.432488693473851882e+01,-3.499871740645389195e+01
1.796810486792913863e+01,-2.672939352945430969e+01
2.515690090315867877e+00,-1.830856835637540536e+00
-1.970107246588114336e+01,3.444394442803714895e+01
4.480743305978944591e+01,-7.193103223968225279e+01
5.242992350148644221e+01,-7.992301689577691093e+01
-2.709694268892159741e+01,4.711134408170418197e+01
3.311053160288459907e+01,-5.212836193229833981e+01
3.659638306589225465e+01,-5.785667652707437014e+01
2.842716390911450475e+01,-4.412727062750757057e+01
4.072001024629185650e+01,-6.261275651300510958e+01
3.663591419677737093e+01,-5.578855199187281499e+01
3.676481037529256213e+01,-5.644261676516612170e+01
2.885035679731862146e+01,-4.470277373419652633e+01
2.245422334853777713e+01,-3.414875442874076583e+01
3.520622093757908022e+00,-3.424001447775191664e+00
-2.033932601792339057e+01,3.543426801205561105e+01
1.956070538600715381e+01,-2.768766609622435837e+01
1.986136243032747828e+01,-2.933129198821870887e+01
2.191254011412681990e+01,-3.323896117815429108e+01
2.039253110751681675e+01,-2.997480315428868636e+01
1.979253317396664968e+01,-3.014101735349876776e+01
1.285119476815131989e+01,-1.836958411267453783e+01
5.082626574214631709e+00,-6.180941069909643204e+00
-6.349313988844169643e+00,1.061684669586262153e+01
-3.304907107724666560e+01,5.505173018964736542e+01
4.031198848591207451e+01,-5.985617781120157588e+01
4.262674416781939613e+01,-6.609997319558485174e+01
3.101422915537479952e+01,-4.728887470133717130e+01
-3.294765886419521905e+01,5.572661055766270977e+01
3.234950199219335332e+01,-4.866039585710872473e+01
3.167880612278063168e+01,-4.974974892008891203e+01
3.580542304559018163e+01,-5.571326720696812629e+01
2.914285194232201093e+01,-4.525759424364162697e+01
3.280556394876239779e+01,-5.035923128107954483e+01
2.958766969166721239e+01,-4.646817549680940829e+01
1.554975276752223223e+01,-2.337839998994356705e+01
-3.895963202037759032e+00,8.547614526522778533e+00
-2.047865803068852486e+01,3.561131908487305253e+01
3.986017913693289927e+01,-6.304521847631376374e+01
3.711661271507478688e+01,-5.907449422068744127e+01
3.267374079974487699e+01,-5.072859031246353823e+01
-3.390141284050594095e+01,5.441327864467530873e+01
2.961950540909103680e+01,-4.607633276092421681e+01
3.948940065977087954e+01,-6.162078558899971625e+01
2.918419578482222931e+01,-4.517092153397383214e+01
3.263667248426577316e+01,-4.962153496688684129e+01
3.547048000526071831e+01,-5.288010876340023003e+01
2.460928409544861850e+01,-3.733847588643098447e+01
2.186985632974818472e+01,-3.407248706028731533e+01
1.414574005077452679e+00,-5.687485389625075438e-01
-2.280382903651660698e+01,3.709166731934173811e+01
4.300393984528604818e+01,-6.780909097665528407e+01
3.604027421278782839e+01,-5.368131746506833935e+01
3.565417984213293323e+01,-5.497627851773284391e+01
-2.927475512704244309e+01,4.907705702930766023e+01
3.349751297707653919e+01,-5.150681422280792532e+01
3.247744057497919812e+01,-4.987456362520728703e+01
2.801850774413938083e+01,-4.294142595137595464e+01
3.119728977522965963e+01,-4.645461666941891110e+01
4.417110587044086145e+01,-6.912758463898342143e+01
2.564589468847674425e+01,-3.882414422115051167e+01
1.866312995711495049e+01,-2.803006413857504953e+01
3.328654913762688405e+00,-3.558725831643682280e+00
-2.193139118939005883e+01,3.619134066281390716e+01
1.251059621935861799e+01,-1.825224415389514121e+01
1.351386489972758653e+01,-1.897924096987175346e+01
1.521661188274608989e+01,-2.274451503115741602e+01
1.801418953053440219e+01,-2.626812294501027267e+01
1.295398235705189194e+01,-1.884855884557741845e+01
2.277573572409257452e-01,1.088851958579061252e+00
-1.265512153850765387e+01,2.287872334411890662e+01
-2.420003395212630437e+01,4.002727675190060097e+01
5.477159506530996680e+01,-8.681034607719176677e+01
4.024507375513436358e+01,-6.294921158534481975e+01
3.291117050109455988e+01,-5.053931826098888536e+01
2.765371630459355146e+01,-4.157090929079047470e+01
-3.641924875899609049e+01,5.754780677509951659e+01
2.778629446099482436e+01,-4.210848089914836834e+01
2.905297852149005422e+01,-4.330612469614125359e+01
3.127152270584653948e+01,-4.841979748614949131e+01
2.854751477501432078e+01,-4.349433572287025385e+01
2.512873208590661278e+01,-3.780421965204831025e+01
1.368218142406011850e+01,-2.039612031137227532e+01
-5.148996899507130465e+00,1.015862369820542455e+01
-2.329158311291503125e+01,3.687250218576135552e+01
4.506546033805627616e+01,-6.992986647211397155e+01
3.593318092628906868e+01,-5.626881165353124459e+01
3.737916467303178081e+01,-5.880426282717868247e+01
3.410028134680813849e+01,-5.229925101121224884e+01
-3.948861460699035320e+01,6.439821923805440917e+01
2.480862842922653755e+01,-3.856645698466689254e+01
2.703894906993953029e+01,-4.076320353229811388e+01
2.996317714430376355e+01,-4.769570433891966132e+01
3.442262723803757041e+01,-5.395845861299518020e+01
2.406125481910644837e+01,-3.646946192886298377e+01
9.251271254792097665e+00,-1.327017103675884613e+01
-3.146097895507027786e+00,6.956964882620292556e+00
-2.163023997320386016e+01,3.516666925125504406e+01
5.649297697213202696e+01,-9.033539070900206980e+01
3.561888976245214877e+01,-5.667915153746641721e+01
3.144008270652683024e+01,-4.784160698048106042e+01
3.071143596436087364e+01,-4.732273710187720184e+01
-3.544864966735288192e+01,6.119155884890802355e+01
3.576081713757410085e+01,-5.588884264100944677e+01
2.835080787689287618e+01,-4.203977298626483616e+01
2.748500773048040813e+01,-4.052382891904905193e+01
2.382072604025682594e+01,-3.577249448027791345e+01
1.971537293487684650e+01,-2.992505664580935942e+01
1.355867606325031893e+01,-1.974468557506802213e+01
-1.040008117844692137e+01,1.773044087577178374e+01
-2.498661086142783105e+01,4.374826543765623654e+01
8.213679610578534351e+00,-1.087082094058718873e+01
1.305345949027683439e+01,-1.879383520337470515e+01
5.826947802335111781e+00,-6.639112409097902123e+00
5.333225368588755622e+00,-6.602665449840062983e+00
-2.493377056181459217e+00,6.070905828977148921e+00
-2.055068182149563327e+01,3.334711550894692067e+01
-4.226384183800346506e+01,6.938864164001996926e+01
4.404062254014436917e+01,-6.993300908968754470e+01
4.828523533002466905e+01,-7.440171077415278944e+01
4.357425738388818104e+01,-6.806011805210394527e+01
3.226964258590502510e+01,-5.024968561013942292e+01
2.252246152919487798e+01,-3.492704375535063122e+01
-4.948973681227732158e+01,8.225014671452245807e+01
2.029592821931374047e+01,-3.040100380332180663e+01
1.809270778010028380e+01,-2.742538459234835102e+01
2.070535874767022833e+01,-3.111930904326574066e+01
1.387658294388757696e+01,-2.088488822561154024e+01
1.083807450841989706e+01,-1.604827529946213005e+01
-6.599487766743557415e+00,1.280196685517213062e+01
-2.871948518857308841e+01,4.675526963254386459e+01
4.997143777243246632e+01,-8.000523372672387268e+01
4.917842342530292399e+01,-7.655009373625989610e+01
3.599523683431346655e+01,-5.501909233256400000e+01
4.057932159488257895e+01,-6.033440974152075142e+01
2.354694367986019543e+01,-3.610626718077210029e+01
-5.669674638385351528e+01,9.392755069509370003e+01
2.170925668763778305e+01,-3.314789002696294773e+01
2.902082383412816569e+01,-4.557231178172168029e+01
1.976714196063442586e+01,-2.941684733433587695e+01
1.331624395622060497e+01,-1.959318093762812296e+01
9.235548189722759815e+00,-1.321949953026270386e+01
-9.430965639850468207e+00,1.696579124023527640e+01
-3.361606293576311799e+01,5.465638251359984423e+01
4.189039186120702851e+01,-6.272082743283649364e+01
4.483285699322475892e+01,-6.752092121990303042e+01
4.598004380513591371e+01,-7.289979630219696105e+01
4.283436308708698448e+01,-6.492012747120621441e+01
2.671718097219581267e+01,-3.944828709340763595e+01
-4.434965377863350255e+01,7.675920920189004448e+01
2.155393775070114160e+01,-3.237921694299170383e+01
2.523421646703826582e+01,-3.783230777511016640e+01
1.899735891852526493e+01,-2.817507796986612689e+01
1.589232450967687171e+01,-2.382970706117411197e+01
1.151876777291175813e+01,-1.680556619217014713e+01
-1.076762278664999783e+01,1.861200006776859084e+01
-2.450390970493688769e+01,4.059014145863137912e+01
7.524810504794031907e+00,-9.550465194771131650e+00
2.575478319058423171e+00,-1.698377593077501579e+00
1.603514421489503849e+00,-7.893872277112443658e-01
-3.644711161928524845e+00,8.146491501184895512e+00
-2.206988250013185748e+01,3.700384465986390126e+01
-4.418098733790764499e+01,7.125193826987147361e+01
4.121158380557952228e+01,-6.479446632050776600e+01
4.599621115372107027e+01,-7.206757047842627628e+01
4.350858968376101643e+01,-6.668591924879527255e+01
2.983728995722611543e+01,-4.522561491757766561e+01
2.595210263565710562e+01,-3.917509255698819004e+01
1.596979776706327847e+01,-2.301198959512377584e+01
-5.468377073928576237e+01,9.095925677281466903e+01
1.593127704358282060e+01,-2.374640517765849168e+01
1.570977358540824653e+01,-2.360034089090859766e+01
1.175770592154477789e+01,-1.684125248654070717e+01
4.564617103112242447e+00,-5.871854790172803540e+00
-1.500828842165679156e+01,2.701621376086660575e+01
-3.379628264696782480e+01,5.539093395946293441e+01
4.777189227846795916e+01,-7.731847855492901544e+01
3.996055945650829955e+01,-6.160881779555208482e+01
3.787266798333598672e+01,-5.935900318736563008e+01
3.040626853797252949e+01,-4.631294505155536001e+01
2.781972855546387535e+01,-4.302969912885465220e+01
2.226769333157805519e+01,-3.409058787922319311e+01
-5.207999207809191233e+01,8.882845295235927097e+01
1.433650427260647398e+01,-2.158832574488978651e+01
1.875785506581470230e+01,-2.749650020444595100e+01
6.948329424389809716e+00,-9.284039800625572880e+00
4.220346863485493039e+00,-5.424443072311262881e+00
-1.087945451805061481e+01,1.968162849922683932e+01
-4.044435575930383919e+01,6.794366700743672993e+01
4.578013734157806169e+01,-7.299018402631689639e+01
4.245332470182719220e+01,-6.322055065559815290e+01
4.887969753844241438e+01,-7.567699462568002389e+01
3.555145817679431275e+01,-5.366806970896617202e+01
3.271023249441413583e+01,-5.072071433858525324e+01
2.035474282451315631e+01,-3.019634032392854905e+01
-6.371760185750144245e+01,9.863101564863262638e+01
2.158529913602971106e+01,-3.227923856060061070e+01
1.368657194980585246e+01,-1.972912982950306215e+01
8.316559254040733151e+00,-1.123067952526234414e+01
6.576529524076936362e+00,-8.462576138612467602e+00
-1.632607481797989024e+01,2.808683130835868269e+01
-2.634701459109997046e+01,4.438584861446881291e+01
-3.321326538810068230e-01,3.017424362040149077e+00
-9.657756517094350457e+00,1.707140931673828987e+01
-1.464721837676693461e+01,2.473637176642878899e+01
-2.371049372924520782e+01,4.112074652260559304e+01
-5.144007681454617398e+01,8.478129857874245090e+01
4.569929282959880368e+01,-7.211091995285507039e+01
4.937296890973963315e+01,-7.652676700636143892e+01
3.886180043122172378e+01,-6.100959891120015044e+01
3.204652885370281012e+01,-5.098026051221439303e+01
2.698895008747563296e+01,-4.207479520377381732e+01
2.669951022023270326e+01,-4.101429668130340644e+01
1.626675965691923764e+01,-2.405928502194228358e+01
-6.011790080478314025e+01,9.978696303149129676e+01
8.671111621865348340e+00,-1.156928574856816461e+01
3.234342824999663524e+00,-3.512859119105940398e+00
-8.170463990315958824e+00,1.451061447927758152e+01
-1.713882560777112118e+01,3.155077816553395209e+01
-3.679347570824354818e+01,6.188278446490495810e+01
4.141449060174578989e+01,-6.615897343959969135e+01
4.049111400898093649e+01,-6.107392412602440146e+01
4.205207312870630432e+01,-6.446801003927596696e+01
2.589018418735937388e+01,-3.992103705231730970e+01
2.624336821699278133e+01,-4.028902696869553779e+01
2.711492296222198206e+01,-4.133468208981894776e+01
1.615414701447103951e+01,-2.318844470071740105e+01
-7.450699968761612979e+01,1.189159792727860463e+02
6.747186239630868165e+00,-8.967956094060365757e+00
4.606659485857475644e+00,-5.114008545338591283e+00
-4.393178173109467011e+00,8.613188650193588813e+00
-1.809403032271694300e+01,3.137304466231061895e+01
-2.964338814859432958e+01,5.095441495326199544e+01
3.608230328545874244e+01,-5.551599096428414981e+01
4.134206566906716773e+01,-6.270681815402947734e+01
3.708582181560644386e+01,-5.763287542643220718e+01
3.580999191426514727e+01,-5.629253683164996858e+01
2.951905944510872715e+01,-4.468073494993171835e+01
2.756932757517436272e+01,-4.176524153345749824e+01
1.346359460772004013e+01,-1.959281443327764904e+01
-7.497594161853128014e+01,1.222815530456114317e+02
8.021656864850815083e+00,-1.048872126725109410e+01
6.059628440854057940e-01,1.164909916561652992e+00
-3.834420266956415357e+00,9.000045564281185406e+00
-1.901404650112824868e+01,3.229441477701797680e+01
-2.803676673402262054e+01,4.687215555103112763e+01
-9.576716182497364116e+00,1.733952521472773611e+01
-1.565252627052155887e+01,2.737174654423179021e+01
-4.689941884931680960e+01,7.688347866205585035e+01
-4.795876491091902949e+01,7.777333844743864688e+01
2.775309980718640901e+01,-4.323781327504747196e+01
2.784661283864333825e+01,-4.199520761173870653e+01
3.074334507152007845e+01,-4.637528030542266322e+01
3.433471340969857977e+01,-5.199366274439607594e+01
2.773064753045991182e+01,-4.261193996728776767e+01
2.378371202357522307e+01,-3.668695719115947185e+01
1.853489015280389296e+01,-2.804393941219450781e+01
1.180897513077529837e+01,-1.636472176706649861e+01
-5.989318414036614513e+01,9.791016794036744386e+01
-8.125835965319085474e+00,1.395125949718549485e+01
-1.373960679411159802e+01,2.367685883028034866e+01
-3.053459854513834415e+01,5.101740880899697572e+01
-3.736233127012976496e+01,6.236365233955665843e+01
4.579437109716284482e+01,-7.252953609369509991e+01
3.342356954532737490e+01,-5.201133020629447401e+01
3.399648498733496638e+01,-5.316016002261227413e+01
3.805959128748663289e+01,-5.718772904932006185e+01
2.469615691302324834e+01,-3.838511796202661230e+01
1.491078642604431437e+01,-2.169298197751242085e+01
1.445396938305976242e+01,-2.129844926268592431e+01
4.816404627327463217e+00,-5.781884475118078903e+00
-8.537512903570913636e+01,1.400747800923655006e+02
-3.911858637491699486e+00,7.322937287359246206e+00
-2.098960118564467692e+01,3.454467664405641614e+01
-2.997445767043755538e+01,4.880118572598658488e+01
-5.290180931362509398e+01,8.732362650274919247e+01
3.156631612137833187e+01,-4.878969838416164606e+01
3.301662126168370293e+01,-5.091637592613982832e+01
4.127217338425834470e+01,-6.191549287321619488e+01
3.142448614380682059e+01,-4.782147761525276763e+01
2.444934695129906643e+01,-3.715640943250248540e+01
1.969362893123620495e+01,-2.871770210062734208e+01
1.535100062842571234e+01,-2.290570597274554387e+01
5.822676293401585212e+00,-7.293872967237755134e+00
-7.435315702385872783e+01,1.172063489603432060e+02
-1.700196925200155640e+00,4.299437752103663968e+00
-1.354543100161512292e+01,2.435903763853896109e+01
-2.289142821741533851e+01,3.931074577887742549e+01
-5.128693965079348516e+01,8.609312467577127848e+01
-2.431049175763007497e+01,4.043353249964206242e+01
-3.700101356187019519e+01,5.759583759215443877e+01
-6.208004165223123039e+01,1.014650778129134068e+02
3.008791118417857646e+01,-4.373482775198323935e+01
3.102176490796662023e+01,-4.924241415980306869e+01
3.118894044272975563e+01,-4.812203871122156329e+01
3.051889295556925319e+01,-4.710406457196456387e+01
2.888518757601668696e+01,-4.375508318344986947e+01
1.529652493467501451e+01,-2.318312927237063903e+01
1.067339886143042804e+01,-1.514399948505622895e+01
4.358289615093741354e+00,-5.303542043786385385e+00
-5.149366584007231573e+00,1.002156866244053290e+01
-8.538354664333846245e+01,1.427626664589157599e+02
-1.867905278233887145e+01,3.021134737797628844e+01
-3.529864397299547818e+01,6.087814745355491652e+01
-5.343241367305760292e+01,8.789909310059586289e+01
3.170768075902426375e+01,-4.683324728069025156e+01
2.691888815830943571e+01,-4.165455298426087438e+01
2.047528086467089636e+01,-3.089161506210973940e+01
2.493757344381499053e+01,-3.829455340584412681e+01
2.619620797377721999e+01,-3.950073181460194860e+01
1.784702568067421780e+01,-2.675351980503094751e+01
1.059433916438305090e+01,-1.543019638321007569e+01
3.847773592930393782e+00,-3.684706253563408307e+00
-5.603968047039394662e+00,1.163575422991852726e+01
-9.119410211568543900e+01,1.493482565908473703e+02
-1.783211703646188084e+01,2.934616537316815510e+01
-2.762480063025109089e+01,4.512047891713721270e+01
-6.144138143884580217e+01,9.907885203071103319e+01
3.663442707987127989e+01,-5.794117200435407256e+01
3.130540756148489479e+01,-4.748744258648834204e+01
2.963449055179198766e+01,-4.517528903338336477e+01
2.126105152123620456e+01,-3.189473735549126943e+01
2.312840332193723825e+01,-3.479651981660361315e+01
1.779097223408282602e+01,-2.652751921471443808e+01
1.416108630167763138e+01,-2.135992627659295451e+01
1.885473502007972924e+00,-1.535252811662306538e+00
-4.622925352073026239e+00,8.979402033123019322e+00
-6.551547717921911840e+01,1.079499796576098163e+02
-1.395170538615984412e+01,2.239931831093263526e+01
-3.738023149541781720e+01,6.237471850528825001e+01
-5.087983274165421932e+01,8.750100617308893902e+01
-5.429021851003643206e+01,8.770747191767092943e+01
-6.811776553840898885e+01,1.069185796154538508e+02
2.392151238524919066e+01,-3.729129151652444563e+01
1.928822961827630422e+01,-2.892119009660588347e+01
1.612468760959525582e+01,-2.392070966154124534e+01
1.190431878214145023e+01,-1.766583041102672524e+01
9.473089451707680908e+00,-1.367868109774007124e+01
8.996048494310400656e+00,-1.204633841789194904e+01
4.026621385100113137e+00,-4.011737046701917997e+00
-2.676331145030783620e+00,6.395960207068152492e+00
-1.779979761169124330e+01,2.908056971883396002e+01
-1.179332335199381809e+01,2.147847468275576333e+01
-9.299894468572009032e+01,1.461968818746548209e+02
-3.732956792845345007e+01,6.372612612563168710e+01
-4.942178726829612145e+01,7.925616293096189224e+01
2.578706920385251067e+01,-3.840858562314914337e+01
1.558051949770308653e+01,-2.276552055561933230e+01
1.570469863013628320e+01,-2.326121984258235642e+01
1.276913645336548875e+01,-1.851970607138960290e+01
1.044004053710003177e+01,-1.541033086468122271e+01
1.193686670641951508e+01,-1.746677440276242166e+01
6.166594938623470412e+00,-7.271196519594119501e+00
-3.544042461888518236e+00,8.479829430820206682e+00
-1.343812581693951813e+01,2.435242987246906665e+01
-1.501768166417078376e+01,2.538013817823493667e+01
-8.303768354244733985e+01,1.367778764076907407e+02
-3.118087383116925082e+01,5.123506259857778389e+01
-5.074100214341350323e+01,8.656438344138648233e+01
2.545016780652926158e+01,-3.874886779234450529e+01
1.556482159665762488e+01,-2.255057134955932341e+01
2.138782004190304775e+01,-3.270110988780717065e+01
1.200427905110398719e+01,-1.783854405207868865e+01
1.277608162727248597e+01,-1.796147115961581164e+01
1.253421755017023642e+01,-1.834856066346511483e+01
-3.803013136938510064e-03,1.725237507263341907e+00
-4.025481293129427485e+00,8.414813129328004848e+00
-1.426013557577464042e+01,2.496409678130173759e+01
-1.247669698989510145e+01,2.200131202138335951e+01
-8.940755528876009350e+01,1.407429715982721916e+02
-4.650646578415619103e+01,7.546119099337926173e+01
-6.393946198753605614e+01,1.047986786834152042e+02
-7.064294285035472853e+01,1.133324417182987958e+02
7.724207427797940007e+00,-1.025839281482029008e+01
8.604959958910090023e+00,-1.195745428788548104e+01
2.570574115598011744e+00,-2.103268309937652347e+00
-3.328723668455495499e-01,2.586724890974287483e+00
-3.060430844261484484e+00,6.845756945180057507e+00
-8.582120326510167985e+00,1.685600423834967643e+01
-1.304222827751725156e+01,2.351518437975053288e+01
-1.647137392670500589e+01,2.927619213509998986e+01
-2.713984105634682464e+01,4.518979509558912611e+01
-2.848150066665330726e+01,4.834035060797475580e+01
-3.924391450345803634e+01,6.382916510432020374e+01
-1.179930988729894921e+02,1.885654209045635525e+02
-6.105616895154359014e+01,9.586255799055184923e+01
5.212139931879990584e+00,-6.520061298438591280e+00
1.255866208429009756e+00,-7.539291065841610129e-01
4.309230295720246851e+00,-5.205541450985268881e+00
-3.745217977129197129e-01,2.542724505421905423e+00
-5.669667475356724218e+00,1.087978925386390472e+01
-1.210744192716609113e+01,2.125868843460345303e+01
-1.614400971062567081e+01,2.781860409944297530e+01
-2.301148375369316312e+01,3.699108149127714285e+01
-3.077878635519272166e+01,4.922585397772748905e+01
-3.575913094561905581e+01,6.159499106879788854e+01
-3.411635808049790342e+01,5.640730136224918567e+01
-9.725464800156696299e+01,1.541996347811337102e+02
-6.743667288569159268e+01,1.112932351927025962e+02
1.529664643632163035e+01,-2.302519192914140689e+01
4.905312044569011931e+00,-5.996042887337256211e+00
1.787239279806758452e+00,-9.399956214127134224e-01
-1.355554661261398675e+00,3.562617827616082700e+00
-4.305450494153257424e+00,8.808375849411346437e+00
-8.090489420165994261e+00,1.377427221449699069e+01
-1.603100716039132934e+01,2.661783895595840477e+01
-1.978738801168113071e+01,3.379507676235009228e+01
-3.038497477544591874e+01,5.109246983247587792e+01
-4.224042796062215643e+01,6.667581136738272107e+01
-3.224188853841717872e+01,5.524953220804157183e+01
-1.094146732040836980e+02,1.660226247371680302e+02
-6.126875030472598382e+01,9.853686737647183236e+01
-1.623745094496549868e+01,2.813066280777374573e+01
-1.976051207240930552e+01,3.248856879578494272e+01
-2.173076796405408118e+01,3.632470384222052218e+01
-2.113246561220354636e+01,3.673246548522120491e+01
-2.306176115338538679e+01,3.908273559954060516e+01
-2.618782886098525964e+01,4.233997300549510356e+01
-2.851178383296202767e+01,4.761232642429713735e+01
-3.383480242346338684e+01,5.371717133053549276e+01
-5.787277679248247608e+01,9.502895928214906007e+01
-5.947895543204437985e+01,9.482296127889989634e+01
-4.840059101206074388e+01,8.190077307036172272e+01
-4.976237867906404944e+01,8.250270131386733397e+01
-1.271081013383842730e+02,2.036197519178258801e+02
-1.492037918709733013e+01,2.600080404218006791e+01
-1.589599161263180171e+01,2.772423667601221808e+01
-1.602421749624957314e+01,2.908542121141632819e+01
-3.201783237196168130e+01,5.137016649461497053e+01
-2.213565714050643152e+01,3.769492534417820195e+01
-2.796282721952190542e+01,4.823700874794401727e+01
-3.850048678563938154e+01,6.284326604150873408e+01
-4.156594200080638757e+01,6.862299646447419832e+01
-4.362464784715739086e+01,6.935008742185264907e+01
-5.999111183601779373e+01,9.524182940689892973e+01
-5.518498605587119954e+01,8.955401706650975768e+01
-5.679234232864068588e+01,9.240383592763879506e+01
-1.174129836501079183e+02,1.873570428518543736e+02
-1.229368213059216153e+01,2.199213588313436674e+01
-1.536462061684709290e+01,2.701601902492161145e+01
-1.899403478414792446e+01,3.219348267831137633e+01
-2.367291027376675672e+01,3.961679536315975270e+01
-1.796138112901364181e+01,2.958059776887664327e+01
-2.513807333247204667e+01,4.301283527607807855e+01
-3.496165298663891718e+01,5.648466600161372497e+01
-4.274004131623014757e+01,6.707030105441934609e+01
-4.191812095859092580e+01,7.130595495640655201e+01
-5.322849132831585450e+01,8.663936407229387271e+01
-6.019417317702928472e+01,9.843942533047473376e+01
-5.087156934582092305e+01,8.817735045837649466e+01
-1.041578470529169493e+02,1.761826692665428595e+02
4.934042964213928428e+01,-7.495346315934502002e+01
3.789091043747850307e+01,-5.881165350261321834e+01
2.906129905168040750e+01,-4.548122938533853699e+01
3.603535037352669690e+01,-5.853757182584089236e+01
3.951884843478676856e+01,-6.120898713549038916e+01
3.039068262457745462e+01,-4.550908258895730540e+01
3.009828189130104548e+01,-4.601217091059786668e+01
2.784511266254795103e+01,-4.217370157122994101e+01
2.114244492055037838e+01,-3.158087234856712300e+01
1.258063237057451644e+01,-1.832286290301022902e+01
8.008692448831660204e-01,6.663252976595479549e-01
-2.418523491626693911e+01,4.152217743496742486e+01
-9.961824216363629247e+00,1.828461754196545996e+01
4.770157661230491897e+01,-7.329534591567450263e+01
4.106385028470857179e+01,-6.294014993863421381e+01
4.351926714846135980e+01,-6.925563010693899457e+01
4.322112113006981104e+01,-6.459002382069334658e+01
6.176135977402531552e+01,-9.406742587681459611e+01
4.969097984594880302e+01,-7.882995672113416674e+01
3.953997262580421790e+01,-6.133871299602913751e+01
4.319926242921904702e+01,-6.744420503452687399e+01
2.582144847125973541e+01,-4.048662682461492324e+01
2.289730470588465394e+01,-3.539750822381702733e+01
6.898861062298420777e+00,-9.118224303365074945e+00
-1.123217375094422188e+01,1.937778623996599237e+01
-9.062931751606768671e+00,1.681798888561094429e+01
5.051972627505227109e+01,-7.732173224485528351e+01
4.078576234187154625e+01,-6.192274588323564188e+01
3.613121227203102848e+01,-5.624844197450726568e+01
4.104149655577902678e+01,-6.295652229986576742e+01
5.920814653381388837e+01,-9.228849871185187226e+01
3.873377285607315201e+01,-5.767310151101735016e+01
5.190179111140017199e+01,-8.052202177641339631e+01
4.230835183711611336e+01,-6.551348179760506696e+01
2.922473864336479110e+01,-4.392279075677575406e+01
2.539705677091776437e+01,-3.920417694899706618e+01
3.742582820826368284e+00,-4.784488448972146202e+00
-1.549877722975998928e+01,2.702277690228676121e+01
3.071579693697715641e+01,-4.508251377570014995e+01
2.367937663453323793e+01,-3.630466481940235468e+01
2.841225654701437620e+01,-4.156826558678602623e+01
2.786142946228584449e+01,-4.207352985306290805e+01
2.657657095394416658e+01,-4.086768444018822777e+01
2.580588233355134520e+01,-3.919790422639127314e+01
2.423749227141032847e+01,-3.647646793743214744e+01
1.709719635961335271e+01,-2.475022309980813873e+01
7.150277424507298640e+00,-9.025769731608335178e+00
-2.511089240005985879e+00,6.022159315497451537e+00
-2.688729986205105860e+01,4.511717340820882072e+01
4.295222103279271408e+01,-6.709608081392610757e+01
-1.210660289836525827e+01,2.102865481111981794e+01
4.237066550564200185e+01,-6.518965854196603971e+01
4.296585539971193413e+01,-6.383468188030966672e+01
3.889448798578704469e+01,-6.228794142737166339e+01
4.011919669666818322e+01,-6.140997687677272410e+01
4.922303353032772577e+01,-7.521144709524847372e+01
4.071333785599604482e+01,-6.205783271425466552e+01
3.549502932487295936e+01,-5.497799363209603740e+01
2.422507955624944742e+01,-3.751820874270765671e+01
1.772346664508113889e+01,-2.652407215482462988e+01
4.311044043795737579e+00,-5.499671526051196579e+00
-1.870067599778647605e+01,3.224564576654371706e+01
6.161536454960145193e+01,-9.576479488335303358e+01
-2.072367463514830632e+01,3.492462135154830349e+01
4.222801356448566423e+01,-6.553039269540470002e+01
4.289938429021746202e+01,-6.759145217840649877e+01
3.434032661156894761e+01,-5.296170146098913989e+01
5.374409433430299288e+01,-8.415921486320441147e+01
4.396005123973771589e+01,-6.923117138957113070e+01
4.201630155282456514e+01,-6.364134035511248300e+01
3.636449325324782933e+01,-5.699183212423049127e+01
3.442930726522516238e+01,-5.378594359398498170e+01
2.090223435656281481e+01,-3.167507031532574757e+01
8.921728969848889079e+00,-1.275644186171477301e+01
-2.103042209332116741e+01,3.504358305341339275e+01
2.715277420685107401e+01,-4.116728760596055281e+01
2.654622365296819098e+01,-4.077546977706019504e+01
1.899873007068865505e+01,-2.791772839811813967e+01
2.762143913716887056e+01,-4.203541140539700649e+01
2.943923672624595511e+01,-4.542799091148396684e+01
2.599682954813121327e+01,-4.085860881100616382e+01
1.472050287953571690e+01,-2.145718713057902605e+01
7.326217330309845011e+00,-9.603464785255802383e+00
-4.813245186046325230e+00,1.067204424631239057e+01
-3.132842993193460046e+01,5.094015018567468900e+01
5.262138364495266529e+01,-8.488645348671963120e+01
4.429581290412761518e+01,-7.056177832785483872e+01
-2.091887801188075713e+01,3.442389793531148712e+01
2.971246550684822552e+01,-4.575749165957753917e+01
3.654375140566379088e+01,-5.588930202872008124e+01
3.456972010151877583e+01,-5.567058732356711914e+01
4.394252922444472631e+01,-6.866825427341943566e+01
4.989057106715833356e+01,-7.620509443868266430e+01
2.914249410911549987e+01,-4.495037398856326405e+01
2.735775731389708199e+01,-4.122450551662780782e+01
2.161593978306002484e+01,-3.265761117466098540e+01
1.047965015798062310e-01,1.296796989943430400e+00
-1.230622417815287051e+01,2.133940344263420386e+01
3.777942362640020946e+01,-5.891398178194690161e+01
4.644749260543865432e+01,-7.290685707420220751e+01
-2.005601681851278428e+01,3.557811208862941044e+01
2.712427153480357589e+01,-4.128956953496061999e+01
3.598110099907098913e+01,-5.578592275695471869e+01
3.840218747319665482e+01,-6.148477147911449237e+01
3.877219822890889844e+01,-5.844338026456159696e+01
3.754159825580097021e+01,-5.831410003080047488e+01
3.507930734818224749e+01,-5.347059740902003711e+01
2.474745491513735729e+01,-3.881623632166810722e+01
2.080283929570329349e+01,-3.223930019586606477e+01
7.313723352950444401e+00,-9.763134672723193574e+00
-1.371257387006477302e+01,2.554290412893893958e+01
2.194208572752471298e+01,-3.437999876495389628e+01
1.757763418986863968e+01,-2.655269057583739212e+01
2.572553455201860118e+01,-3.946753806570914236e+01
2.214637372503591095e+01,-3.354064415463480486e+01
2.130017521934407654e+01,-3.187732245693996447e+01
1.536420487946951141e+01,-2.302041457602583563e+01
3.064425686108541491e+00,-2.686918689424548923e+00
-8.704679355450894107e+00,1.575152006222074341e+01
-2.707010014909090145e+01,4.427939969448408419e+01
4.677506713871207467e+01,-7.128970654548011510e+01
4.312071007606966333e+01,-6.658448684839936504e+01
3.705798531462118461e+01,-5.697400286188932483e+01
-3.683807391668774756e+01,5.918474898922571725e+01
3.210130831435549936e+01,-4.883930119144193327e+01
3.261013138532416633e+01,-4.814825468265642172e+01
4.167341334717972501e+01,-6.542242803294287512e+01
3.179170366965090366e+01,-4.811087971348391079e+01
2.724394717966610102e+01,-4.248772091523950678e+01
1.788185499491605057e+01,-2.649855402824860207e+01
1.889897074975796443e+01,-2.831030679314854481e+01
2.007612790409023962e+00,-9.093569094135758313e-01
-2.390681523143303266e+01,4.112943826961453198e+01
3.259164774778469109e+01,-5.168123412779540615e+01
3.413109101463198414e+01,-5.257949611274139556e+01
2.715367205312425725e+01,-4.070883763277403489e+01
-3.848286069120172925e+01,6.181211815430999224e+01
3.254669899185905990e+01,-5.055123174118530471e+01
3.372286688713678870e+01,-5.078756972527412472e+01
3.720377245347490458e+01,-5.812021224350401383e+01
3.431693142783813499e+01,-5.279993313533562116e+01
2.963892564428963183e+01,-4.510196954329909858e+01
3.142847908800034773e+01,-4.849071556631635360e+01
1.447607628289420134e+01,-2.140393910891807749e+01
-3.298885056449299968e-01,2.932968656500194005e+00
-2.155835044139609380e+01,3.801427361987296649e+01
1.575519226163174302e+01,-2.304745896109161052e+01
1.567501422685019286e+01,-2.304935135275709612e+01
1.477049914482325477e+01,-2.218368471074817094e+01
1.502531841736486129e+01,-2.207527438203534942e+01
1.231991291503369190e+01,-1.760145022241439250e+01
1.167000020704515251e+00,5.128117615180114441e-01
-1.110142164736358161e+01,2.163397473624873868e+01
-3.286694617460972268e+01,5.338283099445584412e+01
4.660246793491727857e+01,-7.529779989326873135e+01
4.754187333066590071e+01,-7.035439562457503371e+01
3.426435577785780140e+01,-5.028006236423057373e+01
2.879300117821733807e+01,-4.431303667581974537e+01
-3.767433892186437561e+01,6.246466248093067009e+01
2.674333304539640466e+01,-4.021676470238912771e+01
2.597952282807903401e+01,-4.030618139894036034e+01
2.727011203961336250e+01,-4.040769259170075856e+01
3.073643842157352779e+01,-4.671658810694106734e+01
2.547135873321371236e+01,-3.932464939977913332e+01
1.662334971528808225e+01,-2.571762206048801858e+01
-4.157935280802631972e+00,8.932147687681498027e+00
-2.679361400446991937e+01,4.400569653859766106e+01
5.475057387365993833e+01,-8.392844800267636174e+01
5.732688306741194850e+01,-8.744707948805043429e+01
4.114684210647350682e+01,-6.391875060418301757e+01
3.391766832905388895e+01,-5.116420754546440719e+01
-3.882344309201528887e+01,6.695621594435625923e+01
3.128276298025281577e+01,-4.878274607880781844e+01
3.368302961674270080e+01,-5.131350104072457441e+01
2.897722068436564058e+01,-4.442662481975089150e+01
2.975237372513603873e+01,-4.536679135302919974e+01
2.400581566111945264e+01,-3.679148593035552750e+01
1.659485590064084093e+01,-2.487489790225169273e+01
-6.538710409624605369e+00,1.214430058531308987e+01
-2.112444326446193799e+01,3.778797634659981242e+01
1.220777617655726921e+01,-1.707517301867709136e+01
8.718567555728911955e+00,-1.161589695572027026e+01
1.060942593774410447e+01,-1.469848870626499604e+01
6.767706749011613176e+00,-8.486775238748819561e+00
-1.590880201525058657e-01,2.344854517445440933e+00
-1.932407185322205123e+01,3.346157629271042566e+01
-3.772630330108046337e+01,6.185120757460646246e+01
4.651315668262868286e+01,-7.056189428318612045e+01
3.921738502988964115e+01,-6.053032735296514488e+01
3.701179931644561805e+01,-5.756198545532556210e+01
3.411163639014240090e+01,-5.302615111177342300e+01
2.171718902025510189e+01,-3.365216919807244267e+01
-4.986852757835486472e+01,8.269332750027460577e+01
1.871500259139919464e+01,-2.788831103564798397e+01
2.730820769745768573e+01,-4.181272055689843370e+01
2.336675158173679634e+01,-3.602621539027218489e+01
1.453882718274211960e+01,-2.110186787121466523e+01
1.070967082069581089e+01,-1.429744157813962779e+01
-6.797096574027710503e+00,1.311759456902736254e+01
-2.385035102836754461e+01,3.938432264669891225e+01
4.507703414543407661e+01,-7.077051258512868515e+01
3.946184319111448957e+01,-6.048823268330556147e+01
3.690764380626713859e+01,-5.473409727218222542e+01
2.598378877929762965e+01,-3.920978711914978732e+01
2.910751108844270618e+01,-4.362624911502648928e+01
-4.760186200144928392e+01,7.469887788977911214e+01
2.883312397865920218e+01,-4.387396461690092053e+01
2.524070957039941376e+01,-3.855550417489303783e+01
1.959188603161387832e+01,-2.859573603741349146e+01
1.702194819566852502e+01,-2.553363010337897521e+01
1.038474645205448965e+01,-1.494054805081249881e+01
-9.168047705514535295e+00,1.527040390299099748e+01
-2.540282037736538356e+01,4.039480899423734428e+01
6.393799703740076446e+00,-7.987507970778756849e+00
5.031314368026245099e+00,-5.523169479322528552e+00
2.040551591475436410e+00,-8.250134040581538208e-01
-4.668468697586356519e+00,1.009640425884732018e+01
-1.984695655564612693e+01,3.386369855830665188e+01
-3.520874090801720513e+01,5.866673349822076489e+01
4.053970476974797066e+01,-6.044705989535362534e+01
3.220227691563439976e+01,-4.701441812765828132e+01
4.388991082310578662e+01,-6.760373215470102082e+01
3.356610816165452604e+01,-5.253471428854997072e+01
2.577467292461617987e+01,-3.888239129960665252e+01
2.008357237800752770e+01,-2.877194191820448310e+01
-6.510343544849122566e+01,1.034595733859529361e+02
1.526102004710427984e+01,-2.298093144360979423e+01
1.732138327507528430e+01,-2.652275080608196234e+01
9.514611996844964281e+00,-1.325564873770962926e+01
8.827124954428395842e-01,-4.695416108210011263e-03
-1.014175443464567827e+01,1.877536677716316404e+01
-2.332320463406887256e+01,4.064095731624313856e+01
4.342072146263684829e+01,-6.679871697221722116e+01
5.006355977154972692e+01,-7.592452154088894645e+01
4.011058412361486347e+01,-6.236723346555245939e+01
3.661077755400171441e+01,-5.848258829211087573e+01
2.546638314351880084e+01,-3.932387464837399449e+01
2.518207279156097655e+01,-3.735309379707845068e+01
-5.057154722493250887e+01,8.382882228997303287e+01
1.499283235119171387e+01,-2.187265720056417706e+01
1.793164329648357480e+01,-2.701206215426133639e+01
8.447016048330532101e+00,-1.175102321796674154e+01
6.607227835442494035e-01,9.945499454066680789e-01
-1.502137659306129258e+01,2.509734163318515243e+01
-3.235484766420760394e+01,5.493050897992559811e+01
6.327596211730845965e-02,2.473950844798429749e+00
-1.074398554598097100e+01,1.821660177384953982e+01
-1.327554633693878827e+01,2.221170917323246030e+01
-2.502668554150606894e+01,4.172662356702498698e+01
-4.293882739969725293e+01,7.148499296804463654e+01
4.752664136083636492e+01,-7.320307072424962769e+01
3.787363870250771214e+01,-5.911913672765104621e+01
3.075248831634699087e+01,-4.701466876102520587e+01
2.619452331728860628e+01,-3.830753240841578844e+01
2.564598029712410465e+01,-3.740732429685179738e+01
2.202816090884461175e+01,-3.452985181813010485e+01
1.828026936253872492e+01,-2.718559961400183056e+01
-7.395424243218870686e+01,1.208458059050907423e+02
9.323467293138198997e+00,-1.272129432191409215e+01
2.309151645613649162e+00,-1.471653306071534439e+00
-5.961448701305971376e+00,1.182826638650202966e+01
-2.062802347354043064e+01,3.584332068387133319e+01
-3.660855671437263936e+01,5.958563096530212277e+01
4.780068352749031391e+01,-7.403004612639630011e+01
4.979419349162650832e+01,-7.743839418378586004e+01
3.274216078348445791e+01,-4.893994390324192523e+01
3.149226232763281885e+01,-4.737624953299037855e+01
3.160656301310354976e+01,-4.756145098773389890e+01
1.760281116549556302e+01,-2.522055435209933449e+01
1.629609474480631803e+01,-2.455473575228741367e+01
-7.951569519757455851e+01,1.269608549459277071e+02
7.230569072002773545e+00,-9.691626791518437756e+00
9.053967358185033287e-01,6.204037793719625604e-01
-1.589005169543489249e+00,4.520191616993435524e+00
-1.532809481016651887e+01,2.600610788335974277e+01
-3.742723382234540708e+01,6.152973486584819085e+01
-1.345235289847044591e+01,2.311251302129900509e+01
-2.498696137534026462e+01,4.183526986432802630e+01
-3.449697373389675903e+01,5.756109074131964576e+01
-4.977154482175230044e+01,8.351355907447545235e+01
3.557772495278029368e+01,-5.542868884180975186e+01
2.671125357422634750e+01,-4.122699263070564513e+01
3.950274808972329765e+01,-6.025020407407919265e+01
3.549280102784597091e+01,-5.420235433758301014e+01
2.177989776036099201e+01,-3.218069239973556961e+01
1.856232069510543425e+01,-2.724077244631235573e+01
1.717356932267224678e+01,-2.561704188924350944e+01
1.035775522481722710e+01,-1.422923822930219728e+01
-9.262620311624337432e+01,1.535056879452310170e+02
-5.628012484599009824e+00,1.038541390707201018e+01
-1.156595784901652912e+01,2.072767708117587659e+01
-3.130134268351066140e+01,5.288894753522946957e+01
-4.736847363272508460e+01,7.831356107692178625e+01
4.443292326342528042e+01,-6.873803792824752179e+01
3.436316756037994935e+01,-5.370003487838652489e+01
3.387200894170177179e+01,-5.430288849160907461e+01
3.582458925640094094e+01,-5.503178801462424019e+01
2.276369514593409349e+01,-3.476239372376387848e+01
2.194136517159245514e+01,-3.383618648917749283e+01
1.776254567111356764e+01,-2.608713112528888800e+01
6.973328847996018709e+00,-9.320298020332595357e+00
-7.448472128928881375e+01,1.230645546948806839e+02
-5.412234685830355829e+00,1.034667482761295609e+01
-1.144662393013846113e+01,2.082499856198369059e+01
-2.223654961084978510e+01,3.755122897220856970e+01
-5.777681174689815435e+01,9.556843975436177629e+01
-2.151348259040375765e+01,3.804495021830695833e+01
-4.177708474618517442e+01,6.894202837574751186e+01
-5.676749600154081321e+01,9.334997297887080947e+01
3.386251143832138411e+01,-5.345477223020046864e+01
2.627256497283240222e+01,-3.973027618881050671e+01
2.742215459507499631e+01,-4.294380178846962082e+01
2.314020340840908929e+01,-3.504054288431160558e+01
1.814754637838534279e+01,-2.746681057980808305e+01
2.015632321810680594e+01,-2.998261750061158537e+01
1.166689103931539684e+01,-1.715177141305088071e+01
-1.441194656902875293e+00,4.209681231141914282e+00
-4.506494933836435735e+00,9.157954468115487856e+00
-8.332969499230539157e+01,1.351991749233146720e+02
-1.243528646024633666e+01,2.124092318262954393e+01
-3.295828858195035593e+01,5.425664352900686538e+01
-5.625277134022807957e+01,9.045409315176000575e+01
2.655114691904990920e+01,-4.003890480521597794e+01
3.770516086910697595e+01,-5.826229498830652176e+01
2.554442405956856632e+01,-3.728473201132851500e+01
2.877277242936387580e+01,-4.470154590808471795e+01
2.213204197528689576e+01,-3.345824801770643120e+01
2.222995369654695708e+01,-3.381683608970187294e+01
1.229865736549985833e+01,-1.775973793559813885e+01
2.334541395561619659e+00,-2.044526387520241073e+00
-8.567475021171581773e+00,1.550581954086823089e+01
-8.719124196592792941e+01,1.459687244897802429e+02
-1.788635304678967586e+01,2.980550846974399448e+01
-2.996063983010032317e+01,5.096134963015123986e+01
-4.495891051035153652e+01,7.535508100584259239e+01
-4.256123856304575526e+01,6.975465577716826715e+01
-5.037832641187544169e+01,8.319843317238300529e+01
1.698452429031487654e+01,-2.523020909787911847e+01
1.969260953102820721e+01,-3.013304464734913779e+01
1.856084357263943829e+01,-2.786144348710713459e+01
1.479084007193826267e+01,-2.196985800209091266e+01
1.401875541435916439e+01,-2.064175462731903821e+01
8.653689922918427868e+00,-1.230022609507620501e+01
2.401521274569140108e+00,-1.823516438869202450e+00
-3.315773978320128546e+00,6.773860240544506972e+00
-1.416525473413467573e+01,2.417337856151970499e+01
-1.520221033771868591e+01,2.528799623646861505e+01
-1.069860910074136342e+02,1.708346582635619200e+02
-4.382720427265655871e+01,6.844623583090080388e+01
-5.927096515424723577e+01,9.810104376844364538e+01
1.771282970883028440e+01,-2.717139555762717151e+01
1.937184149172384906e+01,-2.845669606003434282e+01
1.512368488355678053e+01,-2.289733108632499992e+01
1.173910836594837370e+01,-1.717261192142746040e+01
1.581055577908461451e+01,-2.350265340588532226e+01
9.046616031190724883e+00,-1.332213439112736353e+01
2.383672790716763856e+00,-2.033895252913181739e+00
-8.150507023107389060e+00,1.410313464670021411e+01
-1.983628903994272719e+01,3.217620589191574254e+01
-1.543632854165910651e+01,2.586651583113983577e+01
-7.074194701427168752e+01,1.162657110953683315e+02
-3.667691620360662341e+01,5.994190487212046747e+01
-6.346060655306393983e+01,1.017534587174202017e+02
-5.619380627465676525e+01,9.431004719915473800e+01
1.132702061613705524e+01,-1.678384059432556796e+01
4.124464295957553261e+00,-5.130760899076058479e+00
5.878327654202194275e+00,-7.814745785405347256e+00
1.784950264516699026e+00,-1.826575725569397735e+00
-8.006103704605793681e-01,3.493366578157715008e+00
-8.812970292974524611e+00,1.508206504989645680e+01
-1.481877123800294349e+01,2.619792774038041827e+01
-2.115490549898784067e+01,3.582516451339490970e+01
-2.769490525189105057e+01,4.762652874197574704e+01
-3.067127820237068647e+01,5.179777593923697054e+01
-3.233921230986492645e+01,5.524491548152717257e+01
-1.349926191771446327e+02,2.198359039938180217e+02
-5.766726247875331524e+01,9.483197991162585083e+01
1.239125564448023731e+01,-1.805440972907871355e+01
2.828474068603720859e+00,-2.746478197297887114e+00
4.945338858301102647e+00,-6.101870941062053966e+00
1.306310868427773997e+00,1.888130179339285730e-01
-5.246410931566257929e+00,1.001803981501924667e+01
-8.371839522866949324e+00,1.510970503075233573e+01
-9.738729333351063389e+00,1.797600408670039229e+01
-2.144194898040577613e+01,3.754385958094607645e+01
-2.851166458290812145e+01,4.812567947510473942e+01
-2.601998442177829318e+01,4.542634858699979361e+01
-3.207443421645125170e+01,5.633670527377106652e+01
-1.088924596184882319e+02,1.726811905877239326e+02
-4.312395220910510574e+01,6.958865944021212613e+01
-1.708771260494078348e+01,2.846374334604468359e+01
-1.489968540422614574e+01,2.704263867454614001e+01
-2.134268126456162307e+01,3.399398810232025170e+01
-1.981880016139028555e+01,3.378082135481069770e+01
-1.565157692626775621e+01,2.796532617369346596e+01
-3.312056609297550835e+01,5.639649165448306434e+01
-2.964499535863481228e+01,4.894823417324253256e+01
-3.776219074441017653e+01,6.310021958267841313e+01
-5.089005927798813644e+01,8.409680429258463619e+01
-5.230395713217865250e+01,8.442928723414048875e+01
-4.568202491484939287e+01,7.511617462652517929e+01
-5.703592836161969615e+01,9.662148959597176656e+01
-1.108103551420468023e+02,1.823543867049138498e+02
-1.501158181268232994e+01,2.501022522142106297e+01
-2.459781263908489279e+01,3.857397181488197191e+01
-2.052705052997725943e+01,3.460448772741035839e+01
-2.764014725356009805e+01,4.579888467709594124e+01
-1.801189171490048579e+01,3.229155051378157282e+01
-3.257555056339951705e+01,5.134297489052421781e+01
-3.701679973124146272e+01,6.326957876900229394e+01
-2.918273310267559495e+01,4.682356536735102992e+01
-4.854032916637826389e+01,8.044178162134893739e+01
-5.314154113786928235e+01,8.963609268985882750e+01
-6.045446813450844559e+01,9.708524065439833350e+01
-6.486957919020358077e+01,1.071739424057583534e+02
-1.226701461716436796e+02,2.010796231142649333e+02
4.231948450156403396e+01,-6.487821197835445730e+01
3.520778582750508434e+01,-5.369306988971013084e+01
3.077485654275809068e+01,-4.770807893500975183e+01
3.410027416280479429e+01,-4.967693912427881742e+01
4.193644072590131344e+01,-6.448561816830844862e+01
3.903448981437061605e+01,-5.876940571932293267e+01
2.644335988733244491e+01,-3.983344731033992758e+01
2.373430939493685798e+01,-3.526346022574417560e+01
1.697598369279065622e+01,-2.532932331043587482e+01
1.051738095896464387e+01,-1.523677111725837641e+01
-3.566123726052052856e-01,2.937580239815213101e+00
-2.435764298875407974e+01,4.105247965262799426e+01
-7.165485107678516208e+00,1.354685613463127147e+01
5.138926746263063450e+01,-8.270656855258118867e+01
3.622779399575136949e+01,-5.387810876703873930e+01
4.561395003569592888e+01,-6.905483334466104850e+01
4.258573294483734628e+01,-6.688468020122280677e+01
5.229406708532633985e+01,-7.992431570875774582e+01
4.196095384792924676e+01,-6.440293769274829572e+01
4.396959312115868102e+01,-6.751094836864041326e+01
2.983404567691619036e+01,-4.636948809278820960e+01
4.068249758482406975e+01,-6.401674363486178265e+01
2.448874652637582372e+01,-3.789874151113895095e+01
7.604515043690665443e+00,-9.702869901150778631e+00
-1.466570862631088445e+01,2.435533488067029850e+01
3.030209808502637969e+01,-4.722154168596065915e+01
2.900508927369768486e+01,-4.399306164729961921e+01
2.781526564863303008e+01,-4.296337871552795207e+01
3.056510412305559043e+01,-4.440217740228997201e+01
2.678891837995749015e+01,-4.016299976063394439e+01
3.627899163961799900e+01,-5.504648500313998483e+01
2.388921127280364587e+01,-3.581367949169474940e+01
1.971667572773781174e+01,-3.067775831492676275e+01
1.177746168283668915e+01,-1.707543256034830748e+01
-6.487832880531304802e+00,1.295652637807572916e+01
-2.256854212734613796e+01,3.731531356114867748e+01
3.688472823876616502e+01,-5.446576208625657500e+01
-1.658517469132345568e+01,2.876226700330079211e+01
3.888754232154795432e+01,-6.350983574062165360e+01
3.780852473914669076e+01,-5.716407121192199980e+01
3.825099758655047566e+01,-5.848640866433670027e+01
4.957128191519308302e+01,-7.638394990769914727e+01
4.192330131663420900e+01,-6.405246069762290517e+01
4.427906127320377294e+01,-6.669027310155537691e+01
3.474169808889225664e+01,-5.438395345931234459e+01
2.889996609390212967e+01,-4.220375727743866179e+01
2.088871492394771323e+01,-3.155749534502064790e+01
6.717533382198197955e+00,-8.743103063183252033e+00
-1.388505154951645082e+01,2.371794951619378367e+01
2.271646158309098595e+01,-3.367508545624625071e+01
2.104016627393555083e+01,-3.069697333368006653e+01
2.786968857705495850e+01,-4.254723233981098218e+01
2.913302993925982420e+01,-4.448606325935018901e+01
2.886354511701533809e+01,-4.420343117391607990e+01
1.994215451472735978e+01,-2.952867297079633246e+01
2.323869118259246491e+01,-3.618017126787096061e+01
7.326028445087477969e+00,-1.007999983913623865e+01
-7.389999748059874030e+00,1.315483903305314151e+01
-2.243718262891363224e+01,3.892658885439581695e+01
4.613888813603776384e+01,-7.254209053389324424e+01
4.987551005662460568e+01,-7.888145995827397883e+01
-2.466199192020642883e+01,3.934056236432864040e+01
3.467078740500169687e+01,-5.387051156415547126e+01
4.010728581792483283e+01,-6.134074521421992188e+01
3.899956728209889434e+01,-5.938841584596962520e+01
4.594503696960610029e+01,-7.296091243702204565e+01
3.939433084044169675e+01,-6.160896090203893039e+01
3.406819486811806286e+01,-5.367071656541195779e+01
2.660991995533725785e+01,-4.115051579578805274e+01
1.988053776934941297e+01,-3.055850394416769689e+01
9.913385753076571216e-01,5.117554502852925680e-01
-1.799529220810297403e+01,3.181323818523640412e+01
2.622042936614050745e+01,-3.867426032565437310e+01
2.257539251908699640e+01,-3.211004434547118791e+01
2.272118003282241361e+01,-3.428975472633135269e+01
2.236943867894217419e+01,-3.315252967925142968e+01
2.404520015175451420e+01,-3.769017555453883972e+01
1.379876426633311937e+01,-2.012399062312027098e+01
3.016457664367139024e+00,-2.667603495468756858e+00
-1.402899977771893703e+01,2.340215587449045387e+01
-2.573980434689191910e+01,4.228884865018341088e+01
4.482405730204524019e+01,-6.815306628341430439e+01
4.810537988059156334e+01,-7.401762728016885262e+01
3.991372023266346503e+01,-6.058922860930780274e+01
-3.094727589018864577e+01,5.161646232527481715e+01
3.084945522708376231e+01,-4.754622338870661480e+01
3.565607044797928182e+01,-5.311817658835099110e+01
2.602781765252359492e+01,-3.852214271906894538e+01
3.251296740770826688e+01,-5.014706824956866882e+01
2.888705608816129455e+01,-4.366226057542804995e+01
3.109069489898272209e+01,-4.812232986821071989e+01
2.148552820861240420e+01,-3.306230055369375975e+01
3.520013899899428811e+00,-3.552948840486428672e+00
-2.004219025119525099e+01,3.515920089421783246e+01
1.650907923704952296e+01,-2.411410734444387671e+01
1.800292602312045886e+01,-2.692249326376559182e+01
1.143411504977293625e+01,-1.629320492928502517e+01
1.364037269887632675e+01,-1.964174805696586645e+01
1.636838947140848788e+01,-2.365953295551583579e+01
2.284191871722117906e+00,-2.030828070956991027e+00
-1.304048320367515856e+01,2.355452307121383271e+01
-3.160099820570693296e+01,5.328545692541307943e+01
4.642659241955705340e+01,-7.045733594134844680e+01
4.223755406062439732e+01,-6.500947920890560283e+01
3.434141855954017331e+01,-5.288551200613549241e+01
3.017417273612030115e+01,-4.664674226705613336e+01
-3.502957665374486851e+01,5.857187370670202142e+01
3.026549731914162678e+01,-4.586354019873984100e+01
2.484398140531702381e+01,-3.754922109645034567e+01
2.224782936875295647e+01,-3.447843284435406019e+01
3.004909600606319486e+01,-4.538597251955388145e+01
2.374586353258965588e+01,-3.672692180972137521e+01
9.777449861703901846e+00,-1.423035490231004019e+01
-4.026163544515878989e+00,8.920042803251210017e+00
-2.341572658245333471e+01,3.861617706900171498e+01
1.215238318226946213e+01,-1.726391414089866316e+01
9.967205904085409074e+00,-1.391302315440122861e+01
9.733433769236659927e+00,-1.351214820923792637e+01
5.155707106896178615e+00,-6.452683383983906396e+00
-1.937596994646981097e+00,4.243351153006661214e+00
-1.624973045030817076e+01,2.751313661814162970e+01
-2.845984032960202015e+01,4.918427663533986305e+01
4.626565562570689849e+01,-7.093296958065042190e+01
4.335994614944349479e+01,-6.540376635627237079e+01
3.926682467647042074e+01,-6.228230450061733592e+01
3.237827536413212925e+01,-4.998730203369377278e+01
3.082344999405748354e+01,-4.698872631873905448e+01
-4.586317613634125934e+01,7.357251115869540570e+01
2.293029249163009808e+01,-3.317394721414906655e+01
2.356820468703323002e+01,-3.602771245019712865e+01
1.864003575873375951e+01,-2.793194314470324358e+01
1.460369176938107927e+01,-2.137987554212989849e+01
9.049983142048381168e+00,-1.218221096477021881e+01
-1.028281991883418378e+01,1.737617741212107703e+01
-2.837423748780755162e+01,4.831894159245517528e+01
6.437288532840667266e+00,-8.391217922415025399e+00
4.624650401372762509e+00,-5.266053605494180445e+00
-2.981747499082493258e-01,3.306576689343187603e+00
-8.282501063538299846e+00,1.431235811359520937e+01
-2.847274667591715058e+01,4.617435562849104258e+01
-4.306280701379842668e+01,7.256952480368684633e+01
5.427090941402218505e+01,-8.529678142704555910e+01
4.241624783721435676e+01,-6.592597649927679981e+01
3.297646729501899188e+01,-5.105671287812907622e+01
2.370144802929160832e+01,-3.562600292588921747e+01
2.971650514564057843e+01,-4.670744747257857199e+01
1.658434862315935376e+01,-2.392118667089792439e+01
-5.916974103587640599e+01,9.374382420872808552e+01
1.906994398258891010e+01,-2.848611857215839294e+01
1.378576488678028511e+01,-1.994322011644024784e+01
1.297356879212023628e+01,-1.863088804314896407e+01
2.348197836408638217e+00,-2.959979903198894036e+00
-1.443393542140809060e+01,2.607415325785623850e+01
-2.785422740877590186e+01,4.691507689203487530e+01
3.076539719608208934e-01,8.911656138887278367e-01
-2.843930610153206917e+00,7.011020400219789117e+00
-1.311884033740975930e+01,2.136716421780954533e+01
-2.930233284995714982e+01,4.805530951196194422e+01
-4.918767905466467738e+01,7.858460927115696393e+01
4.128419861042116423e+01,-6.455300636815235293e+01
4.311763326807525942e+01,-6.867386065729529321e+01
3.821758523172415778e+01,-5.890347117813516320e+01
2.896757116525236597e+01,-4.265070075568102936e+01
3.291884168960149282e+01,-4.848135274695753338e+01
2.136371304355880341e+01,-3.263575153293464126e+01
1.649090696573628989e+01,-2.422979282557727032e+01
-6.959625853412862284e+01,1.117642476204509450e+02
6.661371666376176393e+00,-8.726777169950542756e+00
3.710509055627865926e+00,-3.453106781199892339e+00
-7.950506122553258059e+00,1.402094825975251524e+01
-2.296211566897214240e+01,3.874858887442237432e+01
-3.759660391205118657e+01,5.992386853144694214e+01
-1.283079081198580695e+01,2.345234776804615251e+01
-2.080166703403324036e+01,3.546044033171301635e+01
-3.298631920933924988e+01,5.361338040554288398e+01
-3.693081053975020467e+01,6.005440994983349867e+01
3.662461337186213939e+01,-5.561110761584561146e+01
3.018628041349152369e+01,-4.683861467836154446e+01
3.568415444666095482e+01,-5.374949852594558308e+01
2.817087096452789297e+01,-4.309274026096545640e+01
2.627087487424481083e+01,-4.011560812797313957e+01
1.803465160186747696e+01,-2.744496907069719072e+01
1.310120630568198763e+01,-1.898698572124754946e+01
6.864416789790227291e+00,-8.934698518241411591e+00
-8.523265922265836991e+01,1.389716970486434491e+02
-7.606542726535702847e+00,1.470815164226489991e+01
-1.408499896614833524e+01,2.428771752649830162e+01
-3.129864347515179901e+01,5.303981792919498162e+01
-4.507014562197384322e+01,7.279430734686511073e+01
-2.752372216454089227e+01,4.705530521887230577e+01
-3.981351048974885742e+01,6.511890497623069507e+01
-5.819971450575820171e+01,9.737532100671242574e+01
2.746530260665996082e+01,-4.217818588894295573e+01
2.820353132766175008e+01,-4.331598175234518777e+01
2.714278560861070844e+01,-4.086925776311489500e+01
2.594434554376608659e+01,-3.999418703358333005e+01
2.887377309049080054e+01,-4.473042066296473251e+01
1.523259752774584896e+01,-2.281119607181697617e+01
1.435207078763864885e+01,-2.136445332531147301e+01
6.899882737128370636e+00,-9.131800600097427889e+00
-2.319600186634979799e+00,6.183129675546426007e+00
-8.792525655226199888e+01,1.422248199673591387e+02
-2.149464062170202894e+01,3.843405690689137799e+01
-1.998245747060365574e+01,3.505506176098403159e+01
-5.453656303960094931e+01,8.697419151510783308e+01
-4.006727316867087296e+01,6.730813918242233740e+01
-6.600042562425139181e+01,1.053961053924873426e+02
2.121418990715318387e+01,-3.170596769608217969e+01
2.079055328257674162e+01,-3.072044904983701130e+01
1.510702921359665751e+01,-2.224023172712270124e+01
1.580322429622709635e+01,-2.384695511041157445e+01
1.581491006169772184e+01,-2.362851859204986127e+01
1.715578897697848149e+01,-2.545012113880035187e+01
9.080169828103270557e-01,3.106059313807736366e-01
-5.660725157550350772e+00,1.086801781137933709e+01
-1.350210776811918123e+01,2.370226017920884232e+01
-1.603692007780246698e+01,2.922777975329253408e+01
-1.148051392007773757e+02,1.840884534473691190e+02
-3.595155071155026150e+01,5.969531695615555833e+01
-4.329886326037083677e+01,6.940150402755250525e+01
-6.970341929709806550e+01,1.139641700827394715e+02
8.048576775064255173e+00,-1.086919790279964815e+01
3.771632609743176268e+00,-4.996763578521188798e+00
3.612211084360001045e+00,-3.564508572399168074e+00
-1.568550402065281180e+00,4.286207336063616147e+00
-3.343844315880307949e+00,7.207525884344208933e+00
-7.067812575807347564e+00,1.324577675719216430e+01
-1.009526216082644900e+01,1.740022070580976887e+01
-1.730787556240679237e+01,3.005889392598178844e+01
-3.097440115150512696e+01,5.139345313948879834e+01
-3.822511264017237664e+01,6.026504709516571978e+01
-3.920508391440995410e+01,6.324179838918157515e+01
-8.577701817396383888e+01,1.405205624542842600e+02
-5.050529254542760782e+01,8.185192864912183097e+01
-1.949405545958200037e+01,3.299466052745864175e+01
-1.728274648669789570e+01,2.959674664161462587e+01
-1.615569020673341782e+01,2.626759964811530068e+01
-2.690109808063775887e+01,4.333632042586086897e+01
-2.118823935015301885e+01,3.663318717447236139e+01
-2.547322670334373740e+01,4.136497866794087486e+01
-2.676525013376660667e+01,4.544622081979760253e+01
-3.708573248030532454e+01,5.968967331947931143e+01
-4.731197008269719362e+01,7.439230648850507066e+01
-3.868721902774723276e+01,6.406302313587231367e+01
-5.004383713124185107e+01,8.396615068317937869e+01
-5.832470296161636014e+01,9.567584058406424674e+01
-1.293570118643017679e+02,2.049986131382779604e+02
3.254881700238343711e+01,-5.115985045403465392e+01
3.375521056173679568e+01,-5.109110295429475457e+01
3.444775155875367290e+01,-5.350934259625840639e+01
3.683698830443071870e+01,-5.752991780109092446e+01
4.026963878806397901e+01,-6.395485637054466821e+01
3.234406484290025929e+01,-4.916870241389024443e+01
3.032291334821517736e+01,-4.642058511591088177e+01
2.317217599479214840e+01,-3.481620369836669227e+01
1.757627855524934546e+01,-2.596962207479563389e+01
1.068035919060200456e+01,-1.542537708516826989e+01
-1.549297375069779437e-01,2.045649260658423785e+00
-2.580498639422063434e+01,4.177475273514498610e+01
2.995891430089963947e+01,-4.476395017625472406e+01
2.333517326912506462e+01,-3.488375609466871197e+01
3.140840513938996992e+01,-4.620055262740794433e+01
2.770777621111270861e+01,-4.084985318533922793e+01
3.237511771951233897e+01,-4.907681921484467580e+01
2.978405871207359468e+01,-4.559111736830073625e+01
2.629036662279949965e+01,-4.026152009723693936e+01
1.928001576475159595e+01,-2.844703681216533653e+01
8.205579222935728723e+00,-1.131508842625979483e+01
-1.046465696819565672e+01,1.797738537028514827e+01
-2.380634723384413576e+01,3.960930430991534479e+01
2.587828841610765807e+01,-3.881610500919050111e+01
2.014327341210443834e+01,-3.012367023828736379e+01
2.536056065106206958e+01,-3.712050644490229701e+01
2.814389149583589145e+01,-4.259629847608768927e+01
2.897789728935866549e+01,-4.325081591033220718e+01
2.747677731812196100e+01,-4.209070909253869530e+01
1.061613428296388939e+01,-1.501058658571137272e+01
7.950208877062622470e+00,-1.161516761542969789e+01
-4.449036709885168861e+00,7.887363505682432496e+00
-2.901236590704920459e+01,4.654975748563497007e+01
1.924623279999921266e+01,-2.870667533096506574e+01
2.260448976173240609e+01,-3.423208682829574201e+01
2.271214075595943527e+01,-3.363425840326095084e+01
2.256085738173911182e+01,-3.445995091518560116e+01
2.097381360310338749e+01,-3.141268201721048570e+01
1.702527356662855240e+01,-2.544140544553639671e+01
8.192207485960400604e+00,-1.085179289227854937e+01
-1.007890377328195086e+01,1.930313224597370336e+01
-3.212646604349013302e+01,5.505225840294579598e+01
1.625902597230612301e+01,-2.346542995124829289e+01
1.300920885951954276e+01,-1.804830088386472653e+01
1.583187236278700993e+01,-2.203639259020365770e+01
1.379868776650935658e+01,-2.006194177902079900e+01
1.125248094445537639e+01,-1.578566205728692751e+01
2.970378361830175784e+00,-2.993352540574430787e+00
-1.065158030177743242e+01,1.989798140306764296e+01
-3.393092106140987596e+01,5.504233831087077533e+01
1.085445041017860568e+01,-1.475054070020060415e+01
7.901745356024513001e+00,-1.044876946582673582e+01
7.755111181182284597e+00,-1.031184527912299131e+01
5.941253247423388117e+00,-7.295163986126518729e+00
-3.158360127665414296e+00,5.758442071271946183e+00
-1.773793581974374689e+01,3.153304906338167868e+01
-3.473835658305207374e+01,5.718240901641360097e+01
4.040331111574269940e+00,-4.154242396383161839e+00
5.374885795894230434e+00,-6.723683931619145682e+00
2.134618748978126757e+00,-1.455518717028633668e+00
-7.352676516406348561e+00,1.353889179842328794e+01
-2.241594770438891970e+01,3.789252486752125293e+01
-4.373022192123396223e+01,7.400197302331547178e+01
-6.213728815176126297e+00,1.215919582686445821e+01
-6.992334363095432437e+00,1.245029399542739590e+01
-1.375185260417175748e+01,2.238405435372743923e+01
-3.571916826905366804e+01,5.746259825810825106e+01
-4.981032975811065455e+01,8.349706760072047018e+01
-1.441729165633575427e+01,2.588898106799619470e+01
-2.173170666493319558e+01,3.459219643344043504e+01
-3.191152103538840379e+01,5.344170694712926917e+01
-5.342330410044188937e+01,8.668530501384925913e+01
-2.678525227242023732e+01,4.483182645041625136e+01
-4.695762249183828629e+01,7.574540106924601446e+01
-4.310048931313355070e+01,6.866229307658909420e+01
-4.825428319979349112e+01,8.159170849359000499e+01
-4.850423870396775072e+01,7.885580620461051637e+01
-7.090971605494219432e+01,1.151380655568376028e+02
